{
  "TP": 4671,
  "FP": 317,
  "TN": 3231,
  "FN": 128,
  "Accuracy": 0.9466874326105188,
  "Precision": 0.9364474739374499,
  "Recall": 0.9733277766201291,
  "F1": 0.9545315214059467,
  "FPR": 0.08934611048478015,
  "FNR": 0.026672223379870807,
  "Cluster_to_label_mapping": {
    "0": 1,
    "1": 0
  },
  "Threshold_W": 1000.0,
  "N_samples": 8347
}